{
    "facade": {
        "id": 232124,
        "marque": "facadiaRT",
        "isActive": true,
        "coordinates": {
            "lat": 12.23,
            "lng": -18.23
        },
        "temperature": 17,
        "moisturePercentage": 0.3,
        "inspection": {
            "lastInspectionDate": "23/02/2021",
            "engineerId": 123456
        },
        "medias": [
            "concept-house.jpeg",
            "concept-house-2.jpeg",
            "concept-house-3.jpeg"
        ]
    }
}