{
    "request": {
        "type": "LatLon",
        "query": "Lat 48.88 and Lon 2.38",
        "language": "en",
        "unit": "m"
    },
    "location": {
        "name": "Villette",
        "country": "France",
        "region": "Ile-de-France",
        "lat": "48.883",
        "lon": "2.367",
        "timezone_id": "Europe/Paris",
        "localtime": "2021-05-02 18:33",
        "localtime_epoch": 1619980380,
        "utc_offset": "2.0"
    },
    "current": {
        "observation_time": "04:33 PM",
        "temperature": 10,
        "weather_code": 389,
        "weather_icons": [
            "https://assets.weatherstack.com/images/wsymbols01_png_64/wsymbol_0024_thunderstorms.png"
        ],
        "weather_descriptions": [
            "Rain With Thunderstorm"
        ],
        "wind_speed": 15,
        "wind_degree": 360,
        "wind_dir": "N",
        "pressure": 1022,
        "precip": 0.5,
        "humidity": 66,
        "cloudcover": 75,
        "feelslike": 9,
        "uv_index": 3,
        "visibility": 10,
        "is_day": "yes"
    }
}